[
    {
        "thingName": "mps_conveyor",
        "topic": "$aws/things/mps_conveyor/shadow/update",
        "UANodes": {
            "lightBarrier_infeed": {
                "nodeId": "ns=1;i=2007",
                "UANodeClass": "Object",
                "components": {
                    "state": {
                        "nodeId": "ns=1;i=2011",
                        "UANodeClass": "Variable",
                        "UADataType": "Boolean"
                    }
                }
            }
        }
    },
    {
        "thingName": "mps_hmi",
        "topic": "$aws/things/mps_hmi/shadow/update",
        "UANodes": {
            "led_start": {
                "nodeId": "ns=1;i=2301",
                "UANodeClass": "Object",
                "components": {
                    "indicator": {
                        "nodeId": "ns=1;i=2304",
                        "UANodeClass": "Object",
                        "components": {
                            "state": {
                                "nodeId": "ns=1;i=2310",
                                "UANodeClass": "Variable",
                                "UADataType": "Boolean"
                            },
                            "getState": {
                                "nodeId": "ns=1;i=2305",
                                "UANodeClass": "Method",
                                "inputArguments": []
                            },
                            "setState": {
                                "nodeId": "ns=1;i=2308",
                                "UANodeClass": "Method",
                                "inputArguments": [
                                    "Boolean"
                                ]
                            }
                        }
                    }
                }
            }
        }
    },
    {
        "thingName": "mps_magazine",
        "topic": "$aws/things/mps_magazine/shadow/update",
        "UANodes": {
            "ejector": {
                "nodeId": "ns=1;i=2235",
                "UANodeClass": "Object",
                "components": {
                    "position": {
                        "nodeId": "ns=1;i=2240",
                        "UANodeClass": "Variable",
                        "UADataType": "Boolean"
                    }
                }
            },
            "lightBarrier_magazineEmpty": {
                "nodeId": "ns=1;i=2230",
                "UANodeClass": "Object",
                "components": {
                    "state": {
                        "nodeId": "ns=1;i=2234",
                        "UANodeClass": "Variable",
                        "UADataType": "Boolean"
                    }
                }
            }
        }
    }
]
