[
    {
        "thingName": "mps_conveyor",
        "propertyName": "lightBarrier_infeed",
        "nodeId": "ns=1;s=I_9",
        "UADataType": "Boolean",
        "topic": "$aws/things/mps_conveyor/shadow/update",
        "subscribe": true
    },
    {
        "thingName": "mps_magazine",
        "propertyName": "ejector_extended",
        "nodeId": "ns=1;s=I_12",
        "UADataType": "Boolean",
        "topic": "$aws/things/mps_magazine/shadow/update",
        "subscribe": true
    },
    {
        "thingName": "mps_magazine",
        "propertyName": "ejector_retracted",
        "nodeId": "ns=1;s=I_10",
        "UADataType": "Boolean",
        "topic": "$aws/things/mps_magazine/shadow/update",
        "subscribe": true
    },
    {
        "thingName": "mps_magazine",
        "propertyName": "magazine_empty",
        "nodeId": "ns=1;s=I_14",
        "UADataType": "Boolean",
        "topic": "$aws/things/mps_magazine/shadow/update",
        "subscribe": true
    },
    {
        "thingName": "mps_hmi",
        "propertyName": "led_start",
        "nodeId": "ns=1;s=O_1",
        "UADataType": "Boolean",
        "topic": "$aws/things/mps_hmi/shadow/update",
        "subscribe": true
    }
]
