[
    {
        "thingName": "mps_conveyor",
        "topic": "$aws/things/mps_conveyor/shadow/update",
        "UANodes": {
            "lightBarrier_infeed": {
                "nodeId": "ns=1;s=I_9",
                "UANodeClass": "Object",
                "UADataType": "Boolean"
            }
        }
    },
    {
        "thingName": "mps_hmi",
        "topic": "$aws/things/mps_hmi/shadow/update",
        "UANodes": {
            "led_start": {
                "nodeId": "ns=1;s=O_1",
                "UANodeClass": "Object",
                "UADataType": "Boolean",
                "components": {
                    "getState": {
                        "nodeId": "ns=1;i=2010",
                        "UANodeClass": "Method",
                        "inputArguments": []
                    },
                    "setState": {
                        "nodeId": "ns=1;i=2010",
                        "UANodeClass": "Method",
                        "inputArguments": [
                            "Boolean"
                        ]
                    }
                }
            }
        }
    },
    {
        "thingName": "mps_magazine",
        "topic": "$aws/things/mps_magazine/shadow/update",
        "UANodes": {
            "ejector_extended": {
                "nodeId": "ns=1;s=I_12",
                "UANodeClass": "Object",
                "UADataType": "Boolean"
            },
            "ejector_retracted": {
                "nodeId": "ns=1;s=I_10",
                "UANodeClass": "Object",
                "UADataType": "Boolean"
            },
            "magazine_empty": {
                "nodeId": "ns=1;s=I_14",
                "UANodeClass": "Object",
                "UADataType": "Boolean"
            }
        }
    }
]
