[
    {
        "thingName": "mps_conveyor",
        "topic": "$aws/things/mps_conveyor/shadow/update",
        "UANodes": {
            "emergency_stop": {
                "nodeId": "ns=1;i=XXX",
                "UANodeClass": "Object",
                "components": {
                    "state": {
                        "nodeId": "ns=1;i=2071",
                        "UANodeClass": "Variable",
                        "UADataType": "Boolean"
                    }
                }
            },
            "motor": {
                "nodeId": "ns=1;i=XXX",
                "UANodeClass": "Object",
                "components": {
                    "direction": {
                        "nodeId": "ns=1;i=XXX",
                        "UANodeClass": "Object",
                        "components": {
                            "left": {
                                "nodeId": "ns=1;i=XXX",
                                "UANodeClass": "Object",
                                "components": {
                                    "state": {
                                        "nodeId": "ns=1;i=2136",
                                        "UANodeClass": "Variable",
                                        "UADataType": "Boolean"
                                    }
                                }
                            },
                            "right": {
                                "nodeId": "ns=1;i=XXX",
                                "UANodeClass": "Object",
                                "components": {
                                    "state": {
                                        "nodeId": "ns=1;i=2227",
                                        "UANodeClass": "Variable",
                                        "UADataType": "Boolean"
                                    }
                                }
                            }
                        }
                    },
                    "slow": {
                        "nodeId": "ns=1;i=XXX",
                        "UANodeClass": "Object",
                        "components": {
                            "state": {
                                "nodeId": "ns=1;i=2150",
                                "UANodeClass": "Variable",
                                "UADataType": "Boolean"
                            }
                        }
                    },
                    "stop": {
                        "nodeId": "ns=1;i=XXX",
                        "UANodeClass": "Object",
                        "components": {
                            "state": {
                                "nodeId": "ns=1;i=2164",
                                "UANodeClass": "Variable",
                                "UADataType": "Boolean"
                            }
                        }
                    }
                }
            },
            "lightBarrier_entry": {
                "nodeId": "ns=1;i=XXX",
                "UANodeClass": "Object",
                "components": {
                    "state": {
                        "nodeId": "ns=1;i=2116",
                        "UANodeClass": "Variable",
                        "UADataType": "Boolean"
                    }
                }
            },
            "lightBarrier_exit": {
                "nodeId": "ns=1;i=XXX",
                "UANodeClass": "Object",
                "components": {
                    "state": {
                        "nodeId": "ns=1;i=2061",
                        "UANodeClass": "Variable",
                        "UADataType": "Boolean"
                    }
                }
            }
        }
    },
    {
        "thingName": "mps_hmi",
        "topic": "$aws/things/mps_hmi/shadow/update",
        "UANodes": {
            "actuator_start": {
                "nodeId": "ns=1;i=2037",
                "UANodeClass": "Object",
                "components": {
                    "indicator": {
                        "nodeId": "ns=1;i=2118",
                        "UANodeClass": "Object",
                        "components": {
                            "state": {
                                "nodeId": "ns=1;i=2122",
                                "UANodeClass": "Variable",
                                "UADataType": "Boolean"
                            },
                            "getState": {
                                "nodeId": "ns=1;i=2120",
                                "UANodeClass": "Method",
                                "inputArguments": []
                            },
                            "setState": {
                                "nodeId": "ns=1;i=2123",
                                "UANodeClass": "Method",
                                "inputArguments": [
                                    "Boolean"
                                ]
                            }
                        }
                    },
                    "state": {
                        "nodeId": "ns=1;i=2041",
                        "UANodeClass": "Variable",
                        "UADataType": "Boolean"
                    },
                    "getState": {
                        "nodeId": "ns=1;i=2039",
                        "UANodeClass": "Method",
                        "inputArguments": []
                    }
                }
            },
            "actuator_reset": {
                "nodeId": "ns=1;i=XXX",
                "UANodeClass": "Object",
                "components": {
                    "indicator": {
                        "nodeId": "ns=1;i=XXX",
                        "UANodeClass": "Object",
                        "components": {
                            "state": {
                                "nodeId": "ns=1;i=2185",
                                "UANodeClass": "Variable",
                                "UADataType": "Boolean"
                            }
                        }
                    },
                    "state": {
                        "nodeId": "ns=1;i=2106",
                        "UANodeClass": "Variable",
                        "UADataType": "Boolean"
                    }
                }
            },
            "actuator_stop": {
                "nodeId": "ns=1;i=XXX",
                "UANodeClass": "Object",
                "components": {
                    "state": {
                        "nodeId": "ns=1;i=2086",
                        "UANodeClass": "Variable",
                        "UADataType": "Boolean"
                    }
                }
            },
            "switch_opMode": {
                "nodeId": "ns=1;i=XXX",
                "UANodeClass": "Object",
                "components": {
                    "state": {
                        "nodeId": "ns=1;i=2096",
                        "UANodeClass": "Variable",
                        "UADataType": "Boolean"
                    }
                }
            },
            "indicator_Q1": {
                "nodeId": "ns=1;i=XXX",
                "UANodeClass": "Object",
                "components": {
                    "state": {
                        "nodeId": "ns=1;i=2199",
                        "UANodeClass": "Variable",
                        "UADataType": "Boolean"
                    }
                }
            },
            "indicator_Q2": {
                "nodeId": "ns=1;i=XXX",
                "UANodeClass": "Object",
                "components": {
                    "state": {
                        "nodeId": "ns=1;i=2213",
                        "UANodeClass": "Variable",
                        "UADataType": "Boolean"
                    }
                }
            }
        }
    },
    {
        "thingName": "mps_magazine",
        "topic": "$aws/things/mps_magazine/shadow/update",
        "UANodes": {
            "ejector": {
                "nodeId": "ns=1;i=XXX",
                "UANodeClass": "Object",
                "components": {
                    "position": {
                        "nodeId": "ns=1;i=XXX",
                        "UANodeClass": "Object",
                        "components": {
                            "retracted": {
                                "nodeId": "ns=1;i=XXX",
                                "UANodeClass": "Object",
                                "components": {
                                    "state": {
                                        "nodeId": "ns=1;i=2046",
                                        "UANodeClass": "Variable",
                                        "UADataType": "Boolean"
                                    }
                                }
                            },
                            "extended": {
                                "nodeId": "ns=1;i=XXX",
                                "UANodeClass": "Object",
                                "components": {
                                    "state": {
                                        "nodeId": "ns=1;i=2056",
                                        "UANodeClass": "Variable",
                                        "UADataType": "Boolean"
                                    }
                                }
                            }
                        }
                    },
                    "retract": {
                        "nodeId": "ns=1;i=XXX",
                        "UANodeClass": "Object",
                        "components": {
                            "state": {
                                "nodeId": "ns=1;i=2143",
                                "UANodeClass": "Variable",
                                "UADataType": "Boolean"
                            }
                        }
                    },
                    "extend": {
                        "nodeId": "ns=1;i=XXX",
                        "UANodeClass": "Object",
                        "components": {
                            "state": {
                                "nodeId": "ns=1;i=2129",
                                "UANodeClass": "Variable",
                                "UADataType": "Boolean"
                            }
                        }
                    }
                }
            },
            "lightBarrier_magazineEmpty": {
                "nodeId": "ns=1;i=XXX",
                "UANodeClass": "Object",
                "components": {
                    "state": {
                        "nodeId": "ns=1;i=2066",
                        "UANodeClass": "Variable",
                        "UADataType": "Boolean"
                    }
                }
            }
        }
    },
    {
        "thingName": "mps_ejector",
        "topic": "$aws/things/mps_ejector/shadow/update",
        "UANodes": {
            "ejector": {
                "nodeId": "ns=1;i=XXX",
                "UANodeClass": "Object",
                "components": {
                    "position": {
                        "nodeId": "ns=1;i=XXX",
                        "UANodeClass": "Object",
                        "components": {
                            "retracted": {
                                "nodeId": "ns=1;i=XXX",
                                "UANodeClass": "Object",
                                "components": {
                                    "state": {
                                        "nodeId": "ns=1;i=2081",
                                        "UANodeClass": "Variable",
                                        "UADataType": "Boolean"
                                    }
                                }
                            }
                        }
                    },
                    "retract": {
                        "nodeId": "ns=1;i=XXX",
                        "UANodeClass": "Object",
                        "components": {
                            "state": {
                                "nodeId": "ns=1;i=2192",
                                "UANodeClass": "Variable",
                                "UADataType": "Boolean"
                            }
                        }
                    },
                    "extend": {
                        "nodeId": "ns=1;i=XXX",
                        "UANodeClass": "Object",
                        "components": {
                            "state": {
                                "nodeId": "ns=1;i=2178",
                                "UANodeClass": "Variable",
                                "UADataType": "Boolean"
                            }
                        }
                    }
                }
            },
            "sensor_inductive": {
                "nodeId": "ns=1;i=XXX",
                "UANodeClass": "Object",
                "components": {
                    "state": {
                        "nodeId": "ns=1;i=2091",
                        "UANodeClass": "Variable",
                        "UADataType": "Boolean"
                    }
                }
            },
            "lightBarrier_occupancyState": {
                "nodeId": "ns=1;i=XXX",
                "UANodeClass": "Object",
                "components": {
                    "state": {
                        "nodeId": "ns=1;i=2111",
                        "UANodeClass": "Variable",
                        "UADataType": "Boolean"
                    }
                }
            },
            "lightBarrier_slideFull": {
                "nodeId": "ns=1;i=XXX",
                "UANodeClass": "Object",
                "components": {
                    "state": {
                        "nodeId": "ns=1;i=2101",
                        "UANodeClass": "Variable",
                        "UADataType": "Boolean"
                    }
                }
            }
        }
    }
]
